,sFIPS,wf,cost,bass
0,01001,0,0,0
1,01003,0,0,1
2,01005,0,0,0
3,01007,0,0,0
4,01009,0,0,0
5,01011,0,0,0
6,01013,0,0,0
7,01015,0,0,0
8,01017,0,0,0
9,01019,0,0,0
10,01021,0,0,0
11,01023,0,0,0
12,01025,0,0,0
13,01027,0,0,0
14,01029,0,0,0
15,01031,0,0,0
16,01033,0,0,0
17,01035,0,0,0
18,01037,0,0,0
19,01039,0,0,0
20,01041,0,0,0
21,01043,0,0,0
22,01045,0,0,0
23,01047,0,0,0
24,01049,0,0,0
25,01051,0,0,1
26,01053,0,0,0
27,01055,0,0,0
28,01057,0,0,0
29,01059,0,0,0
30,01061,0,0,0
31,01063,0,0,0
32,01065,0,0,0
33,01067,0,0,0
34,01069,0,0,0
35,01071,0,0,0
36,01073,0,0,0
37,01075,0,0,0
38,01077,0,0,0
39,01079,0,0,0
40,01081,0,0,0
41,01083,0,0,0
42,01085,0,0,0
43,01087,0,0,0
44,01089,1,1,1
45,01091,0,0,0
46,01093,0,0,0
47,01095,0,0,0
48,01097,1,1,0
49,01099,0,0,0
50,01101,1,1,0
51,01103,0,0,0
52,01105,0,0,0
53,01107,0,0,0
54,01109,0,0,0
55,01111,0,0,0
56,01113,0,0,0
57,01115,0,0,0
58,01117,1,1,1
59,01119,0,0,0
60,01121,0,0,0
61,01123,0,0,0
62,01125,0,0,0
63,01127,0,0,0
64,01129,0,0,0
65,01131,0,0,0
66,01133,0,0,0
67,02701,0,0,0
68,02702,0,0,0
69,02703,0,0,0
70,02704,0,0,0
71,02705,0,0,0
72,02706,0,0,0
73,02707,0,0,0
74,02708,0,0,0
75,02709,0,0,0
76,02710,0,0,0
77,02711,0,0,0
78,02712,0,0,0
79,02713,0,0,0
80,02714,0,0,0
81,02715,0,0,0
82,02716,0,0,0
83,02717,0,0,0
84,02718,0,0,0
85,02719,0,0,0
86,02720,0,0,0
87,02721,0,0,0
88,02722,0,0,0
89,02723,0,0,0
90,02724,0,0,0
91,02725,0,0,0
92,02726,0,0,0
93,02727,0,0,0
94,02728,0,0,0
95,02729,0,0,0
96,02730,0,0,0
97,02731,0,0,0
98,02732,0,0,0
99,02733,0,0,0
100,02734,0,0,0
101,02735,0,0,0
102,02736,0,0,0
103,02737,0,0,0
104,02738,0,0,0
105,02739,0,0,0
106,02740,0,0,0
107,04001,0,0,0
108,04003,0,0,0
109,04005,1,0,0
110,04007,0,0,0
111,04009,0,0,0
112,04011,0,0,0
113,04012,0,0,0
114,04013,1,1,1
115,04015,0,0,0
116,04017,0,0,0
117,04019,1,1,0
118,04021,0,0,0
119,04023,0,0,0
120,04025,1,1,0
121,04027,0,0,0
122,05001,0,0,0
123,05003,0,0,0
124,05005,0,0,0
125,05007,0,0,1
126,05009,0,0,0
127,05011,0,0,0
128,05013,0,0,0
129,05015,0,0,0
130,05017,0,0,0
131,05019,0,0,0
132,05021,0,0,0
133,05023,0,0,0
134,05025,0,0,0
135,05027,0,0,0
136,05029,0,0,0
137,05031,0,0,0
138,05033,0,0,0
139,05035,0,0,0
140,05037,0,0,0
141,05039,0,0,0
142,05041,0,0,0
143,05043,0,0,0
144,05045,0,0,0
145,05047,0,0,0
146,05049,0,0,0
147,05051,0,0,0
148,05053,0,0,0
149,05055,0,0,0
150,05057,0,0,0
151,05059,0,0,0
152,05061,0,0,0
153,05063,0,0,0
154,05065,0,0,0
155,05067,0,0,0
156,05069,0,0,0
157,05071,0,0,0
158,05073,0,0,0
159,05075,0,0,0
160,05077,0,0,0
161,05079,0,0,0
162,05081,0,0,0
163,05083,0,0,0
164,05085,0,0,0
165,05087,0,0,0
166,05089,0,0,0
167,05091,0,0,0
168,05093,0,0,0
169,05095,0,0,0
170,05097,0,0,0
171,05099,0,0,0
172,05101,0,0,0
173,05103,0,0,0
174,05105,0,0,0
175,05107,0,0,0
176,05109,0,0,0
177,05111,0,0,0
178,05113,0,0,0
179,05115,0,0,0
180,05117,0,0,0
181,05119,1,0,0
182,05121,0,0,0
183,05123,0,0,0
184,05125,0,0,1
185,05127,0,0,0
186,05129,0,0,0
187,05131,0,0,0
188,05133,0,0,0
189,05135,0,0,0
190,05137,0,0,0
191,05139,0,0,0
192,05141,0,0,0
193,05143,1,0,0
194,05145,0,0,0
195,05147,0,0,0
196,05149,0,0,0
197,06001,1,1,0
198,06003,0,0,0
199,06005,0,0,0
200,06007,0,1,0
201,06009,0,0,0
202,06011,0,0,0
203,06013,1,1,0
204,06015,0,0,0
205,06017,0,0,0
206,06019,1,1,0
207,06021,0,0,0
208,06023,0,1,0
209,06025,0,1,0
210,06027,0,0,0
211,06029,0,1,0
212,06031,0,0,0
213,06033,0,0,0
214,06035,0,0,0
215,06037,1,1,0
216,06039,0,0,0
217,06041,1,1,0
218,06043,0,0,0
219,06045,0,1,0
220,06047,0,1,0
221,06049,0,0,0
222,06051,0,0,0
223,06053,1,1,0
224,06055,0,0,0
225,06057,0,0,0
226,06059,1,1,0
227,06061,0,0,1
228,06063,0,0,0
229,06065,1,1,0
230,06067,1,1,0
231,06069,0,0,0
232,06071,0,1,1
233,06073,1,1,0
234,06075,1,1,0
235,06077,0,1,1
236,06079,1,1,0
237,06081,1,1,0
238,06083,1,1,0
239,06085,1,1,1
240,06087,1,1,0
241,06089,0,1,0
242,06091,0,0,0
243,06093,0,0,0
244,06095,0,1,0
245,06097,1,1,0
246,06099,0,1,0
247,06101,0,0,0
248,06103,0,0,0
249,06105,0,0,0
250,06107,0,1,0
251,06109,0,0,0
252,06111,1,1,0
253,06113,1,1,0
254,06115,0,0,0
255,08001,0,0,0
256,08003,0,0,0
257,08005,1,0,0
258,08007,0,0,0
259,08009,0,0,0
260,08011,0,0,0
261,08013,1,0,0
262,08014,1,1,1
263,08015,0,0,0
264,08017,0,0,0
265,08019,0,0,0
266,08021,0,0,0
267,08023,0,0,0
268,08025,0,0,0
269,08027,0,0,0
270,08029,0,0,0
271,08031,1,1,1
272,08033,0,0,0
273,08035,1,1,1
274,08037,0,0,0
275,08039,0,1,0
276,08041,1,1,1
277,08043,0,0,0
278,08045,0,1,0
279,08047,0,0,0
280,08049,0,0,0
281,08051,0,0,0
282,08053,0,0,0
283,08055,0,0,0
284,08057,0,0,0
285,08059,1,1,0
286,08061,0,0,0
287,08063,0,0,0
288,08065,0,0,0
289,08067,0,0,0
290,08069,1,1,0
291,08071,0,0,0
292,08073,0,0,0
293,08075,0,0,0
294,08077,0,0,1
295,08079,0,0,0
296,08081,0,0,0
297,08083,0,0,0
298,08085,0,0,0
299,08087,0,0,0
300,08089,0,0,0
301,08091,0,0,0
302,08093,0,0,0
303,08095,0,0,0
304,08097,1,0,0
305,08099,0,0,0
306,08101,0,0,0
307,08103,0,0,0
308,08105,0,0,0
309,08107,0,0,0
310,08109,0,0,0
311,08111,0,0,0
312,08113,0,0,0
313,08115,0,0,0
314,08117,1,0,0
315,08119,0,0,0
316,08121,0,0,0
317,08123,0,0,0
318,08125,0,0,0
319,09001,1,1,1
320,09003,1,1,1
321,09005,0,1,0
322,09007,0,0,0
323,09009,1,1,0
324,09011,0,1,0
325,09013,0,0,0
326,09015,0,0,0
327,10001,0,0,0
328,10003,0,1,1
329,10005,0,0,0
330,11001,1,1,0
331,12001,0,0,1
332,12003,0,0,0
333,12005,0,0,0
334,12007,0,0,0
335,12009,0,0,1
336,12011,1,1,1
337,12013,0,0,0
338,12015,0,0,0
339,12017,0,0,0
340,12019,0,0,0
341,12021,1,1,0
342,12023,0,0,0
343,12027,0,0,0
344,12029,0,0,0
345,12031,1,1,0
346,12033,0,0,0
347,12035,0,0,0
348,12037,0,0,0
349,12039,0,0,0
350,12041,0,0,0
351,12043,0,0,0
352,12045,0,0,0
353,12047,0,0,0
354,12049,0,0,0
355,12051,0,0,0
356,12053,0,0,0
357,12055,0,0,0
358,12057,1,1,1
359,12059,0,0,0
360,12061,0,0,0
361,12063,0,0,0
362,12065,0,0,0
363,12067,0,0,0
364,12069,0,0,0
365,12071,0,1,1
366,12073,1,1,1
367,12075,0,0,0
368,12077,0,0,0
369,12079,0,0,0
370,12081,0,1,0
371,12083,0,0,0
372,12085,0,0,0
373,12086,1,1,1
374,12087,0,0,1
375,12089,0,0,0
376,12091,1,0,1
377,12093,0,0,0
378,12095,1,1,1
379,12097,0,1,0
380,12099,1,1,0
381,12101,0,1,0
382,12103,1,1,0
383,12105,0,0,0
384,12107,0,0,0
385,12109,0,0,0
386,12111,0,0,1
387,12113,0,0,0
388,12115,1,1,0
389,12117,1,1,0
390,12119,0,0,0
391,12121,0,0,0
392,12123,0,0,0
393,12125,0,0,0
394,12127,0,0,1
395,12129,0,0,0
396,12131,0,0,0
397,12133,0,0,0
398,13001,0,0,0
399,13003,0,0,0
400,13005,0,0,0
401,13007,0,0,0
402,13009,0,0,0
403,13011,0,0,0
404,13013,0,0,0
405,13015,0,0,0
406,13017,0,0,0
407,13019,0,0,0
408,13021,0,0,0
409,13023,0,0,0
410,13025,0,0,0
411,13027,0,0,0
412,13029,0,0,0
413,13031,0,0,0
414,13033,0,0,0
415,13035,0,0,0
416,13037,0,0,0
417,13039,0,0,0
418,13043,0,0,0
419,13045,0,0,0
420,13047,0,0,0
421,13049,0,0,0
422,13051,1,0,1
423,13053,0,0,0
424,13055,0,0,0
425,13057,0,0,0
426,13059,0,0,0
427,13061,0,0,0
428,13063,0,1,0
429,13065,0,0,0
430,13067,1,1,1
431,13069,0,0,0
432,13071,0,0,0
433,13073,0,0,0
434,13075,0,0,0
435,13077,0,1,0
436,13079,0,0,0
437,13081,0,0,0
438,13083,0,0,0
439,13085,0,0,0
440,13087,0,0,0
441,13089,1,0,0
442,13091,0,0,0
443,13093,0,0,0
444,13095,0,0,0
445,13097,0,0,0
446,13099,0,0,0
447,13101,0,0,0
448,13103,0,0,0
449,13105,0,0,0
450,13107,0,0,0
451,13109,0,0,0
452,13111,0,0,0
453,13113,0,0,0
454,13115,0,0,0
455,13117,0,1,0
456,13119,0,0,0
457,13121,1,1,0
458,13123,0,0,0
459,13125,0,0,0
460,13127,0,0,0
461,13129,0,0,0
462,13131,0,0,0
463,13133,0,0,0
464,13135,1,1,1
465,13137,0,0,0
466,13139,0,1,0
467,13141,0,0,0
468,13143,0,0,0
469,13145,0,0,0
470,13147,0,0,0
471,13149,0,0,0
472,13151,0,0,0
473,13153,0,0,0
474,13155,0,0,0
475,13157,0,0,0
476,13159,0,0,0
477,13161,0,0,0
478,13163,0,0,0
479,13165,0,0,0
480,13167,0,0,0
481,13169,0,0,0
482,13171,0,0,0
483,13173,0,0,0
484,13175,0,0,0
485,13177,0,0,0
486,13179,0,0,0
487,13181,0,0,0
488,13183,0,0,0
489,13185,0,0,0
490,13187,0,0,0
491,13189,0,0,0
492,13191,0,0,0
493,13193,0,0,0
494,13195,0,0,0
495,13197,0,0,0
496,13199,0,0,0
497,13201,0,0,0
498,13205,0,0,0
499,13207,0,0,1
500,13209,0,0,0
501,13211,0,0,0
502,13213,0,0,0
503,13215,0,0,0
504,13217,0,0,0
505,13219,0,0,0
506,13221,0,0,0
507,13223,0,0,0
508,13225,0,0,0
509,13227,0,0,0
510,13229,0,0,0
511,13231,0,0,0
512,13233,0,0,0
513,13235,0,0,0
514,13237,0,0,0
515,13239,0,0,0
516,13241,0,0,0
517,13243,0,0,0
518,13245,1,1,1
519,13247,0,0,0
520,13249,0,0,0
521,13251,0,0,0
522,13253,0,0,0
523,13255,0,0,0
524,13257,0,0,0
525,13259,0,0,0
526,13261,0,0,0
527,13263,0,0,0
528,13265,0,0,0
529,13267,0,0,0
530,13269,0,0,0
531,13271,0,0,0
532,13273,0,0,0
533,13275,0,0,0
534,13277,0,0,0
535,13279,0,0,0
536,13281,0,0,0
537,13283,0,0,0
538,13285,0,0,0
539,13287,0,0,0
540,13289,0,0,0
541,13291,0,0,0
542,13293,0,0,0
543,13295,0,0,0
544,13297,0,0,0
545,13299,0,0,0
546,13301,0,0,0
547,13303,0,0,0
548,13305,0,0,0
549,13307,0,0,0
550,13309,0,0,0
551,13311,0,0,0
552,13313,0,1,0
553,13315,0,0,0
554,13317,0,0,0
555,13319,0,0,0
556,13321,0,0,0
557,15001,0,1,0
558,15003,1,1,0
559,15007,0,1,0
560,15009,1,1,0
561,16001,0,1,1
562,16003,0,0,0
563,16005,0,1,0
564,16007,0,0,0
565,16009,0,0,0
566,16011,0,0,0
567,16013,0,0,0
568,16015,1,0,0
569,16017,0,0,0
570,16019,0,0,1
571,16021,0,0,0
572,16023,0,0,0
573,16025,0,0,0
574,16027,0,1,0
575,16029,0,0,0
576,16031,0,0,0
577,16033,0,0,0
578,16035,0,0,0
579,16037,0,0,0
580,16039,0,0,0
581,16041,0,0,0
582,16043,0,0,0
583,16045,0,0,0
584,16047,0,0,0
585,16049,0,0,0
586,16051,0,1,0
587,16053,0,0,0
588,16055,0,1,1
589,16057,0,0,0
590,16059,0,0,0
591,16061,0,0,0
592,16063,0,0,0
593,16065,0,0,0
594,16067,0,0,0
595,16069,0,0,0
596,16071,0,0,0
597,16073,0,0,0
598,16075,0,0,0
599,16077,0,0,0
600,16079,0,0,0
601,16081,0,0,0
602,16083,0,1,0
603,16085,0,0,0
604,16087,0,0,0
605,17001,0,0,0
606,17003,0,0,0
607,17005,0,0,0
608,17007,0,0,0
609,17009,0,0,0
610,17011,0,0,0
611,17013,0,0,0
612,17015,0,0,0
613,17017,0,0,0
614,17019,0,1,0
615,17021,0,0,0
616,17023,0,0,0
617,17025,0,0,0
618,17027,0,0,0
619,17029,0,0,0
620,17031,1,1,0
621,17033,0,0,0
622,17035,0,0,0
623,17037,0,0,0
624,17039,0,0,0
625,17041,0,0,0
626,17043,1,1,0
627,17045,0,0,0
628,17047,0,0,0
629,17049,0,0,0
630,17051,0,0,0
631,17053,0,0,0
632,17055,0,0,0
633,17057,0,0,0
634,17059,0,0,0
635,17061,0,0,0
636,17063,0,0,0
637,17065,0,0,0
638,17067,0,0,0
639,17069,0,0,0
640,17071,0,0,0
641,17073,0,0,0
642,17075,0,0,0
643,17077,0,0,0
644,17079,0,0,0
645,17081,0,0,0
646,17083,0,0,0
647,17085,0,0,0
648,17087,0,0,0
649,17089,0,1,1
650,17091,0,0,0
651,17093,0,0,0
652,17095,0,0,0
653,17097,1,1,1
654,17099,0,0,0
655,17101,0,0,0
656,17103,0,0,0
657,17105,0,0,0
658,17107,0,0,0
659,17109,0,0,0
660,17111,0,1,0
661,17113,0,0,0
662,17115,0,0,0
663,17117,0,0,0
664,17119,0,0,0
665,17121,0,0,0
666,17123,0,0,0
667,17125,0,0,0
668,17127,0,0,0
669,17129,0,0,0
670,17131,0,0,0
671,17133,0,0,0
672,17135,0,0,0
673,17137,0,0,0
674,17139,0,0,0
675,17141,0,0,0
676,17143,0,0,0
677,17145,0,0,0
678,17147,0,0,0
679,17149,0,0,0
680,17151,0,0,0
681,17153,0,0,0
682,17155,0,0,0
683,17157,0,0,0
684,17159,0,0,0
685,17161,0,0,0
686,17163,0,0,0
687,17165,0,0,0
688,17167,0,0,0
689,17169,0,0,0
690,17171,0,0,0
691,17173,0,0,0
692,17175,0,0,0
693,17177,0,0,0
694,17179,0,0,0
695,17181,0,0,0
696,17183,0,0,0
697,17185,0,0,0
698,17187,0,0,0
699,17189,0,0,0
700,17191,0,0,0
701,17193,0,0,0
702,17195,0,0,0
703,17197,0,1,1
704,17199,0,0,0
705,17201,0,1,0
706,17203,0,1,1
707,18001,0,0,0
708,18003,0,1,0
709,18005,0,0,0
710,18007,0,0,0
711,18009,0,0,0
712,18011,0,0,0
713,18013,0,0,0
714,18015,0,0,0
715,18017,0,0,0
716,18019,0,0,1
717,18021,0,0,0
718,18023,0,0,0
719,18025,0,0,0
720,18027,0,0,0
721,18029,0,0,0
722,18031,0,0,0
723,18033,0,0,0
724,18035,0,0,0
725,18037,0,0,0
726,18039,0,0,0
727,18041,0,0,0
728,18043,0,0,0
729,18045,0,0,0
730,18047,0,0,0
731,18049,0,0,0
732,18051,0,0,0
733,18053,0,0,0
734,18055,0,0,0
735,18057,1,0,0
736,18059,0,0,0
737,18061,0,0,0
738,18063,0,0,0
739,18065,0,0,0
740,18067,0,0,0
741,18069,0,0,0
742,18071,0,0,0
743,18073,0,0,0
744,18075,0,0,0
745,18077,0,0,0
746,18079,0,0,0
747,18081,0,0,0
748,18083,0,0,0
749,18085,0,0,0
750,18087,0,0,0
751,18089,1,1,1
752,18091,0,0,0
753,18093,0,0,0
754,18095,0,0,1
755,18097,1,1,0
756,18099,0,0,0
757,18101,0,0,0
758,18103,0,0,0
759,18105,0,0,0
760,18107,0,0,0
761,18109,0,0,0
762,18111,0,0,0
763,18113,0,0,0
764,18115,0,0,0
765,18117,0,0,0
766,18119,0,0,0
767,18121,0,0,0
768,18123,0,0,0
769,18125,0,0,0
770,18127,0,0,1
771,18129,0,0,0
772,18131,0,0,0
773,18133,0,0,0
774,18135,0,0,0
775,18137,0,0,0
776,18139,0,0,0
777,18141,1,1,0
778,18143,0,0,0
779,18145,0,0,0
780,18147,0,0,0
781,18149,0,0,0
782,18151,0,0,0
783,18153,0,0,0
784,18155,0,0,0
785,18157,0,0,0
786,18159,0,0,0
787,18161,0,0,0
788,18163,0,1,0
789,18165,0,0,0
790,18167,0,0,0
791,18169,0,0,0
792,18171,0,0,0
793,18173,0,0,0
794,18175,0,0,0
795,18177,0,0,0
796,18179,0,0,0
797,18181,0,0,0
798,18183,0,0,0
799,19001,0,0,0
800,19003,0,0,0
801,19005,0,0,0
802,19007,0,0,0
803,19009,0,0,0
804,19011,0,0,0
805,19013,0,0,0
806,19015,0,0,0
807,19017,0,0,0
808,19019,0,0,0
809,19021,0,0,0
810,19023,0,0,0
811,19025,0,0,0
812,19027,0,0,0
813,19029,0,0,0
814,19031,0,0,0
815,19033,0,0,0
816,19035,0,0,0
817,19037,0,0,0
818,19039,0,0,0
819,19041,0,0,0
820,19043,0,0,0
821,19045,0,0,0
822,19047,0,0,0
823,19049,0,0,0
824,19051,0,0,0
825,19053,0,0,0
826,19055,0,0,0
827,19057,0,0,0
828,19059,0,0,0
829,19061,0,0,0
830,19063,0,0,0
831,19065,0,0,0
832,19067,0,0,0
833,19069,0,0,0
834,19071,0,0,0
835,19073,0,0,0
836,19075,0,0,0
837,19077,0,0,0
838,19079,0,0,0
839,19081,0,0,0
840,19083,0,0,0
841,19085,0,0,0
842,19087,0,0,0
843,19089,0,0,0
844,19091,0,0,0
845,19093,0,0,0
846,19095,0,0,0
847,19097,0,0,0
848,19099,0,0,0
849,19101,0,0,0
850,19103,0,1,0
851,19105,0,0,0
852,19107,0,0,0
853,19109,0,0,0
854,19111,0,0,0
855,19113,0,0,0
856,19115,0,0,0
857,19117,0,0,0
858,19119,0,0,0
859,19121,0,0,0
860,19123,0,0,0
861,19125,0,0,0
862,19127,0,0,0
863,19129,0,0,0
864,19131,0,0,0
865,19133,0,0,0
866,19135,0,0,0
867,19137,0,0,0
868,19139,0,0,0
869,19141,0,0,0
870,19143,0,0,0
871,19145,0,0,0
872,19147,0,0,0
873,19149,0,0,0
874,19151,0,0,0
875,19153,1,1,1
876,19155,0,0,1
877,19157,0,0,0
878,19159,0,0,0
879,19161,0,0,0
880,19163,0,1,0
881,19165,0,0,0
882,19167,0,0,0
883,19169,0,0,0
884,19171,0,0,0
885,19173,0,0,0
886,19175,0,0,0
887,19177,0,0,0
888,19179,0,0,0
889,19181,0,0,0
890,19183,0,0,0
891,19185,0,0,0
892,19187,0,0,0
893,19189,0,0,0
894,19191,0,0,0
895,19193,0,0,0
896,19195,0,0,0
897,19197,0,0,0
898,20001,0,0,0
899,20003,0,0,0
900,20005,0,0,0
901,20007,0,0,0
902,20009,0,0,0
903,20011,0,0,0
904,20013,0,0,0
905,20015,0,0,0
906,20017,0,0,0
907,20019,0,0,0
908,20021,0,0,0
909,20023,0,0,0
910,20025,0,0,0
911,20027,0,0,0
912,20029,0,0,0
913,20031,0,0,0
914,20033,0,0,0
915,20035,0,0,0
916,20037,0,0,0
917,20039,0,0,0
918,20041,0,0,0
919,20043,0,0,0
920,20045,0,0,0
921,20047,0,0,0
922,20049,0,0,0
923,20051,0,0,0
924,20053,0,0,0
925,20055,0,0,0
926,20057,0,0,0
927,20059,0,0,0
928,20061,0,0,0
929,20063,0,0,0
930,20065,0,0,0
931,20067,0,0,0
932,20069,0,0,0
933,20071,0,0,0
934,20073,0,0,0
935,20075,0,0,0
936,20077,0,0,0
937,20079,0,0,0
938,20081,0,0,0
939,20083,0,0,0
940,20085,0,0,0
941,20087,0,0,0
942,20089,0,0,0
943,20091,1,1,1
944,20093,0,0,0
945,20095,0,0,0
946,20097,0,0,0
947,20099,0,0,0
948,20101,0,0,0
949,20103,0,0,0
950,20105,0,0,0
951,20107,0,0,0
952,20109,0,0,0
953,20111,0,0,0
954,20113,0,0,0
955,20115,0,0,0
956,20117,0,0,0
957,20119,0,0,0
958,20121,0,0,0
959,20123,0,0,0
960,20125,0,0,0
961,20127,0,0,0
962,20129,0,0,0
963,20131,0,0,0
964,20133,0,0,0
965,20135,0,0,0
966,20137,0,0,0
967,20139,0,0,0
968,20141,0,0,0
969,20143,0,0,0
970,20145,0,0,0
971,20147,0,0,0
972,20149,0,0,0
973,20151,0,0,0
974,20153,0,0,0
975,20155,0,0,0
976,20157,0,0,0
977,20159,0,0,0
978,20161,0,0,0
979,20163,0,0,0
980,20165,0,0,0
981,20167,0,0,0
982,20169,0,0,0
983,20171,0,0,0
984,20173,1,1,1
985,20175,0,0,0
986,20177,0,0,0
987,20179,0,0,0
988,20181,0,0,0
989,20183,0,0,0
990,20185,0,0,0
991,20187,0,0,0
992,20189,0,0,0
993,20191,0,0,0
994,20193,0,0,0
995,20195,0,0,0
996,20197,0,0,0
997,20199,0,0,0
998,20201,0,0,0
999,20203,0,0,0
1000,20205,0,0,0
1001,20207,0,0,0
1002,20209,0,0,1
1003,21001,0,0,0
1004,21003,0,0,0
1005,21005,0,0,0
1006,21007,0,0,0
1007,21009,0,0,0
1008,21011,0,0,0
1009,21013,0,0,0
1010,21015,0,0,0
1011,21017,0,0,0
1012,21019,0,0,0
1013,21021,0,0,0
1014,21023,0,0,0
1015,21025,0,0,0
1016,21027,0,0,0
1017,21029,0,0,0
1018,21031,0,0,0
1019,21033,0,0,0
1020,21035,0,0,0
1021,21037,0,0,0
1022,21039,0,0,0
1023,21041,0,0,0
1024,21043,0,0,0
1025,21045,0,0,0
1026,21047,0,0,0
1027,21049,0,0,0
1028,21051,0,0,0
1029,21053,0,0,0
1030,21055,0,0,0
1031,21057,0,0,0
1032,21059,0,0,0
1033,21061,0,0,0
1034,21063,0,0,0
1035,21065,0,0,0
1036,21067,1,1,1
1037,21069,0,0,0
1038,21071,0,0,0
1039,21073,0,0,0
1040,21075,0,0,0
1041,21077,0,0,0
1042,21079,0,0,0
1043,21081,0,0,0
1044,21083,0,0,0
1045,21085,0,0,0
1046,21087,0,0,0
1047,21089,0,0,0
1048,21091,0,0,0
1049,21093,0,0,0
1050,21095,0,0,0
1051,21097,0,0,0
1052,21099,0,0,0
1053,21101,0,0,0
1054,21103,0,0,0
1055,21105,0,0,0
1056,21107,0,0,0
1057,21109,0,0,0
1058,21111,1,1,0
1059,21113,0,0,0
1060,21115,0,0,0
1061,21117,0,1,0
1062,21119,0,0,0
1063,21121,0,0,0
1064,21123,0,0,0
1065,21125,0,0,0
1066,21127,0,0,0
1067,21129,0,0,0
1068,21131,0,0,0
1069,21133,0,0,0
1070,21135,0,0,0
1071,21137,0,0,0
1072,21139,0,0,0
1073,21141,0,0,0
1074,21143,0,0,0
1075,21145,0,0,0
1076,21147,0,0,0
1077,21149,0,0,0
1078,21151,0,0,0
1079,21153,0,0,0
1080,21155,0,0,0
1081,21157,0,0,0
1082,21159,0,0,0
1083,21161,0,0,0
1084,21163,0,0,0
1085,21165,0,0,0
1086,21167,0,0,0
1087,21169,0,0,0
1088,21171,0,0,0
1089,21173,0,0,0
1090,21175,0,0,0
1091,21177,0,0,0
1092,21179,0,0,0
1093,21181,0,0,0
1094,21183,0,0,0
1095,21185,0,1,1
1096,21187,0,0,0
1097,21189,0,0,0
1098,21191,0,0,0
1099,21193,0,0,0
1100,21195,0,0,0
1101,21197,0,0,0
1102,21199,0,0,0
1103,21201,0,0,0
1104,21203,0,0,0
1105,21205,0,0,0
1106,21207,0,0,0
1107,21209,0,0,0
1108,21211,0,0,0
1109,21213,0,0,0
1110,21215,0,0,0
1111,21217,0,0,0
1112,21219,0,0,0
1113,21221,0,0,0
1114,21223,0,0,0
1115,21225,0,0,0
1116,21227,0,0,1
1117,21229,0,0,0
1118,21231,0,0,0
1119,21233,0,0,0
1120,21235,0,0,0
1121,21237,0,0,0
1122,21239,0,0,0
1123,22001,0,0,0
1124,22003,0,0,0
1125,22005,0,0,1
1126,22007,0,0,0
1127,22009,0,0,0
1128,22011,0,0,0
1129,22013,0,0,0
1130,22015,0,0,1
1131,22017,1,0,0
1132,22019,0,0,0
1133,22021,0,0,0
1134,22023,0,0,0
1135,22025,0,0,0
1136,22027,0,0,0
1137,22029,0,0,0
1138,22031,0,0,0
1139,22033,1,1,0
1140,22035,0,0,0
1141,22037,0,0,0
1142,22039,0,0,0
1143,22041,0,0,0
1144,22043,0,0,0
1145,22045,0,0,0
1146,22047,0,0,0
1147,22049,0,0,0
1148,22051,1,0,0
1149,22053,0,0,0
1150,22055,1,1,0
1151,22057,0,0,0
1152,22059,0,0,0
1153,22061,0,0,0
1154,22063,0,0,1
1155,22065,0,0,0
1156,22067,0,0,0
1157,22069,0,0,0
1158,22071,1,1,0
1159,22073,0,0,0
1160,22075,0,0,0
1161,22077,0,0,0
1162,22079,0,0,0
1163,22081,0,0,0
1164,22083,0,0,0
1165,22085,0,0,0
1166,22087,0,0,0
1167,22089,0,0,0
1168,22091,0,0,0
1169,22093,0,0,0
1170,22095,0,0,0
1171,22097,0,0,0
1172,22099,0,0,0
1173,22101,0,0,0
1174,22103,1,0,0
1175,22105,0,0,0
1176,22107,0,0,0
1177,22109,0,0,0
1178,22111,0,0,0
1179,22113,0,0,0
1180,22115,0,0,0
1181,22117,0,0,0
1182,22119,0,0,0
1183,22121,0,0,0
1184,22123,0,0,0
1185,22125,0,0,0
1186,22127,0,0,0
1187,23001,0,0,0
1188,23003,0,0,0
1189,23005,1,0,0
1190,23007,0,0,0
1191,23009,0,0,0
1192,23011,0,0,0
1193,23013,0,0,0
1194,23015,0,0,0
1195,23017,0,0,0
1196,23019,0,0,0
1197,23021,0,0,0
1198,23023,0,0,0
1199,23025,0,0,0
1200,23027,0,0,0
1201,23029,0,0,0
1202,23031,0,0,1
1203,24001,0,0,0
1204,24003,1,1,0
1205,24005,0,1,0
1206,24009,0,0,0
1207,24011,0,0,0
1208,24013,0,0,0
1209,24015,0,0,0
1210,24017,0,0,0
1211,24019,0,0,0
1212,24021,0,1,0
1213,24023,0,0,0
1214,24025,0,0,0
1215,24027,1,1,1
1216,24029,0,0,0
1217,24031,1,1,0
1218,24033,0,1,0
1219,24035,0,0,0
1220,24037,0,0,0
1221,24039,0,0,0
1222,24041,0,0,0
1223,24043,0,0,0
1224,24045,0,0,0
1225,24047,0,0,0
1226,24510,1,0,0
1227,25001,1,0,0
1228,25003,0,0,0
1229,25005,0,0,0
1230,25007,0,0,0
1231,25009,1,1,0
1232,25011,0,0,0
1233,25013,0,1,0
1234,25015,1,0,0
1235,25017,1,1,0
1236,25019,0,0,0
1237,25021,1,1,1
1238,25023,1,0,0
1239,25025,1,1,0
1240,25027,0,0,1
1241,26001,0,0,0
1242,26003,0,0,0
1243,26005,0,0,0
1244,26007,0,0,0
1245,26009,0,0,0
1246,26011,0,0,0
1247,26013,0,0,0
1248,26015,0,0,0
1249,26017,0,0,0
1250,26019,0,0,0
1251,26021,0,0,0
1252,26023,0,0,0
1253,26025,0,0,0
1254,26027,0,0,0
1255,26029,0,0,0
1256,26031,0,0,0
1257,26033,0,0,0
1258,26035,0,0,0
1259,26037,0,0,0
1260,26039,0,0,0
1261,26041,0,0,0
1262,26043,0,0,0
1263,26045,0,0,0
1264,26047,0,0,0
1265,26049,0,0,0
1266,26051,0,0,0
1267,26053,0,0,0
1268,26055,0,1,0
1269,26057,0,0,0
1270,26059,0,0,0
1271,26061,0,0,0
1272,26063,0,0,0
1273,26065,1,1,0
1274,26067,0,0,0
1275,26069,0,0,0
1276,26071,0,0,0
1277,26073,0,0,0
1278,26075,0,0,0
1279,26077,0,1,0
1280,26079,0,0,0
1281,26081,0,1,0
1282,26083,0,0,0
1283,26085,0,0,0
1284,26087,0,0,0
1285,26089,0,0,0
1286,26091,0,0,0
1287,26093,0,1,0
1288,26095,0,0,0
1289,26097,0,0,0
1290,26099,0,1,1
1291,26101,0,0,0
1292,26103,0,0,0
1293,26105,0,0,0
1294,26107,0,0,0
1295,26109,0,0,0
1296,26111,0,1,0
1297,26113,0,0,0
1298,26115,0,0,1
1299,26117,0,0,0
1300,26119,0,0,0
1301,26121,0,0,0
1302,26123,0,0,0
1303,26125,1,1,1
1304,26127,0,0,0
1305,26129,0,0,0
1306,26131,0,0,0
1307,26133,0,0,0
1308,26135,0,0,0
1309,26137,0,0,0
1310,26139,0,1,1
1311,26141,0,0,0
1312,26143,0,0,0
1313,26145,0,0,1
1314,26147,0,0,0
1315,26149,0,0,0
1316,26151,0,0,0
1317,26153,0,0,0
1318,26155,0,0,0
1319,26157,0,0,0
1320,26159,0,0,0
1321,26161,1,1,0
1322,26163,1,1,0
1323,26165,0,0,0
1324,27001,0,0,0
1325,27003,0,1,0
1326,27005,0,0,0
1327,27007,0,0,0
1328,27009,0,0,0
1329,27011,0,0,0
1330,27013,0,0,0
1331,27015,0,0,0
1332,27017,0,0,0
1333,27019,0,0,0
1334,27021,0,0,0
1335,27023,0,0,0
1336,27025,0,0,0
1337,27027,0,0,0
1338,27029,0,0,0
1339,27031,0,0,0
1340,27033,0,0,0
1341,27035,0,1,0
1342,27037,0,1,0
1343,27039,0,0,0
1344,27041,0,0,0
1345,27043,0,0,0
1346,27045,0,0,0
1347,27047,0,0,0
1348,27049,0,0,0
1349,27051,0,0,0
1350,27053,1,1,0
1351,27055,0,0,0
1352,27057,0,0,0
1353,27059,0,0,0
1354,27061,0,0,0
1355,27063,0,0,0
1356,27065,0,0,0
1357,27067,0,0,0
1358,27069,0,0,0
1359,27071,0,0,0
1360,27073,0,0,0
1361,27075,0,0,0
1362,27077,0,0,0
1363,27079,0,0,0
1364,27081,0,0,0
1365,27083,0,0,0
1366,27085,0,0,0
1367,27087,0,0,0
1368,27089,0,0,0
1369,27091,0,0,0
1370,27093,0,0,0
1371,27095,0,0,0
1372,27097,0,0,0
1373,27099,0,0,0
1374,27101,0,0,0
1375,27103,0,0,0
1376,27105,0,0,0
1377,27107,0,0,0
1378,27109,0,1,0
1379,27111,0,0,0
1380,27113,0,0,0
1381,27115,0,0,0
1382,27117,0,0,0
1383,27119,0,0,1
1384,27121,0,0,0
1385,27123,1,0,0
1386,27125,0,0,0
1387,27127,0,0,0
1388,27129,0,0,0
1389,27131,0,0,0
1390,27133,0,0,0
1391,27135,0,0,0
1392,27137,0,0,0
1393,27139,0,1,0
1394,27141,0,0,0
1395,27143,0,0,0
1396,27145,0,1,0
1397,27147,0,0,1
1398,27149,0,0,0
1399,27151,0,0,0
1400,27153,0,0,0
1401,27155,0,0,0
1402,27157,0,0,0
1403,27159,0,0,0
1404,27161,0,0,0
1405,27163,0,1,1
1406,27165,0,0,0
1407,27167,0,0,0
1408,27169,0,0,0
1409,27171,0,0,1
1410,27173,0,0,0
1411,28001,0,0,0
1412,28003,0,0,0
1413,28005,0,0,0
1414,28007,0,0,0
1415,28009,0,0,0
1416,28011,0,0,0
1417,28013,0,0,0
1418,28015,0,0,0
1419,28017,0,0,0
1420,28019,0,0,0
1421,28021,0,0,0
1422,28023,0,0,0
1423,28025,0,0,0
1424,28027,0,0,0
1425,28029,0,0,0
1426,28031,0,0,0
1427,28033,0,0,0
1428,28035,0,0,0
1429,28037,0,0,0
1430,28039,0,0,0
1431,28041,0,0,0
1432,28043,0,0,0
1433,28045,0,0,0
1434,28047,0,0,0
1435,28049,1,0,0
1436,28051,0,0,0
1437,28053,0,0,0
1438,28055,0,0,0
1439,28057,0,0,0
1440,28059,0,0,0
1441,28061,0,0,0
1442,28063,0,0,0
1443,28065,0,0,0
1444,28067,0,0,0
1445,28069,0,0,0
1446,28071,0,0,0
1447,28073,0,0,0
1448,28075,0,0,0
1449,28077,0,0,0
1450,28079,0,0,0
1451,28081,0,0,0
1452,28083,0,0,0
1453,28085,0,0,0
1454,28087,0,0,0
1455,28089,0,1,0
1456,28091,0,0,0
1457,28093,0,0,0
1458,28095,0,0,0
1459,28097,0,0,0
1460,28099,0,0,0
1461,28101,0,0,0
1462,28103,0,0,0
1463,28105,0,0,0
1464,28107,0,0,0
1465,28109,0,0,0
1466,28111,0,0,0
1467,28113,0,0,0
1468,28115,0,0,0
1469,28117,0,0,0
1470,28119,0,0,0
1471,28121,0,0,1
1472,28123,0,0,0
1473,28125,0,0,0
1474,28127,0,0,0
1475,28129,0,0,0
1476,28131,0,0,0
1477,28133,0,0,0
1478,28135,0,0,0
1479,28137,0,0,0
1480,28139,0,0,0
1481,28141,0,0,0
1482,28143,0,0,0
1483,28145,0,0,0
1484,28147,0,0,0
1485,28149,0,0,0
1486,28151,0,0,0
1487,28153,0,0,0
1488,28155,0,0,0
1489,28157,0,0,0
1490,28159,0,0,0
1491,28161,0,0,0
1492,28163,0,0,0
1493,29001,0,0,0
1494,29003,0,0,0
1495,29005,0,0,0
1496,29007,0,0,0
1497,29009,0,0,0
1498,29011,0,0,0
1499,29013,0,0,0
1500,29015,0,0,0
1501,29017,0,0,0
1502,29019,0,0,0
1503,29021,0,0,0
1504,29023,0,0,0
1505,29025,0,0,0
1506,29027,0,0,1
1507,29029,0,0,0
1508,29031,0,0,0
1509,29033,0,0,0
1510,29035,0,0,0
1511,29037,0,0,0
1512,29039,0,0,0
1513,29041,0,0,0
1514,29043,0,0,0
1515,29045,0,0,0
1516,29047,0,0,0
1517,29049,0,0,0
1518,29051,0,0,0
1519,29053,0,0,0
1520,29055,0,0,0
1521,29057,0,0,0
1522,29059,0,0,0
1523,29061,0,0,0
1524,29063,0,0,0
1525,29065,0,0,0
1526,29067,0,0,0
1527,29069,0,0,0
1528,29071,0,0,0
1529,29073,0,0,0
1530,29075,0,0,0
1531,29077,0,0,1
1532,29079,0,0,0
1533,29081,0,0,0
1534,29083,0,0,0
1535,29085,0,0,0
1536,29087,0,0,0
1537,29089,0,0,0
1538,29091,0,0,0
1539,29093,0,0,0
1540,29095,0,1,1
1541,29097,0,0,0
1542,29099,0,0,0
1543,29101,0,0,0
1544,29103,0,0,0
1545,29105,0,0,0
1546,29107,0,0,0
1547,29109,0,0,0
1548,29111,0,0,0
1549,29113,0,0,0
1550,29115,0,0,0
1551,29117,0,0,0
1552,29119,0,0,0
1553,29121,0,0,0
1554,29123,0,0,0
1555,29125,0,0,0
1556,29127,0,0,0
1557,29129,0,0,0
1558,29131,0,0,0
1559,29133,0,0,0
1560,29135,0,0,0
1561,29137,0,0,0
1562,29139,0,0,0
1563,29141,0,0,0
1564,29143,0,0,0
1565,29145,0,0,0
1566,29147,0,0,0
1567,29149,0,0,0
1568,29151,0,0,0
1569,29153,0,0,0
1570,29155,0,0,0
1571,29157,0,0,0
1572,29159,0,0,0
1573,29161,0,0,0
1574,29163,0,0,0
1575,29165,0,1,0
1576,29167,0,0,0
1577,29169,0,0,0
1578,29171,0,0,0
1579,29173,0,0,0
1580,29175,0,0,0
1581,29177,0,0,0
1582,29179,0,0,0
1583,29181,0,0,0
1584,29183,0,1,1
1585,29185,0,0,0
1586,29186,0,0,0
1587,29187,0,0,0
1588,29189,1,1,1
1589,29195,0,0,0
1590,29197,0,0,0
1591,29199,0,0,0
1592,29201,0,0,0
1593,29203,0,0,0
1594,29205,0,0,0
1595,29207,0,0,0
1596,29209,0,0,0
1597,29211,0,0,0
1598,29213,0,0,1
1599,29215,0,0,0
1600,29217,0,0,0
1601,29219,0,0,0
1602,29221,0,0,0
1603,29223,0,0,0
1604,29225,0,0,0
1605,29227,0,0,0
1606,29229,0,0,0
1607,29510,1,0,0
1608,30001,0,0,0
1609,30003,0,0,0
1610,30005,0,0,0
1611,30007,0,0,0
1612,30009,0,0,0
1613,30011,0,0,0
1614,30013,0,0,0
1615,30015,0,0,0
1616,30017,0,0,0
1617,30019,0,0,0
1618,30021,0,0,0
1619,30023,0,0,0
1620,30025,0,0,0
1621,30027,0,0,0
1622,30029,0,1,1
1623,30031,0,1,0
1624,30033,0,0,0
1625,30035,0,0,0
1626,30037,0,0,0
1627,30039,0,0,0
1628,30041,0,0,0
1629,30043,0,0,0
1630,30045,0,0,0
1631,30047,0,0,0
1632,30049,0,1,0
1633,30051,0,0,0
1634,30053,0,0,0
1635,30055,0,0,0
1636,30057,0,0,0
1637,30059,0,0,0
1638,30061,0,0,0
1639,30063,0,1,1
1640,30065,0,0,0
1641,30067,0,0,0
1642,30069,0,0,0
1643,30071,0,0,0
1644,30073,0,0,0
1645,30075,0,0,0
1646,30077,0,0,0
1647,30079,0,0,0
1648,30081,0,0,0
1649,30083,0,0,0
1650,30085,0,0,0
1651,30087,0,0,0
1652,30089,0,0,0
1653,30091,0,0,0
1654,30093,0,0,0
1655,30095,0,0,0
1656,30097,0,0,0
1657,30099,0,0,0
1658,30101,0,0,0
1659,30103,0,0,0
1660,30105,0,0,0
1661,30107,0,0,0
1662,30109,0,0,0
1663,30111,0,1,1
1664,31001,0,0,0
1665,31003,0,0,0
1666,31005,0,0,0
1667,31007,0,0,0
1668,31009,0,0,0
1669,31011,0,0,0
1670,31013,0,0,0
1671,31015,0,0,0
1672,31017,0,0,0
1673,31019,0,0,0
1674,31021,0,0,0
1675,31023,0,0,0
1676,31025,0,0,0
1677,31027,0,0,0
1678,31029,0,0,0
1679,31031,0,0,0
1680,31033,0,0,1
1681,31035,0,0,0
1682,31037,0,0,0
1683,31039,0,0,0
1684,31041,0,0,0
1685,31043,0,0,0
1686,31045,0,0,0
1687,31047,0,0,0
1688,31049,0,0,0
1689,31051,0,0,0
1690,31053,0,0,0
1691,31055,1,1,0
1692,31057,0,0,0
1693,31059,0,0,0
1694,31061,0,0,0
1695,31063,0,0,0
1696,31065,0,0,0
1697,31067,0,0,0
1698,31069,0,0,0
1699,31071,0,0,0
1700,31073,0,0,0
1701,31075,0,0,0
1702,31077,0,0,0
1703,31079,0,0,0
1704,31081,0,0,0
1705,31083,0,0,0
1706,31085,0,0,0
1707,31087,0,0,0
1708,31089,0,0,0
1709,31091,0,0,0
1710,31093,0,0,0
1711,31095,0,0,0
1712,31097,0,0,0
1713,31099,0,0,1
1714,31101,0,0,0
1715,31103,0,0,0
1716,31105,0,0,0
1717,31107,0,0,0
1718,31109,1,1,0
1719,31111,0,0,0
1720,31113,0,0,0
1721,31115,0,0,0
1722,31117,0,0,0
1723,31119,0,0,0
1724,31121,0,0,0
1725,31123,0,0,0
1726,31125,0,0,0
1727,31127,0,0,0
1728,31129,0,0,0
1729,31131,0,0,0
1730,31133,0,0,0
1731,31135,0,0,0
1732,31137,0,0,0
1733,31139,0,0,0
1734,31141,0,0,0
1735,31143,0,0,0
1736,31145,0,0,0
1737,31147,0,0,0
1738,31149,0,0,0
1739,31151,0,0,0
1740,31153,0,1,1
1741,31155,0,0,0
1742,31157,0,0,0
1743,31159,0,0,0
1744,31161,0,0,0
1745,31163,0,0,0
1746,31165,0,0,0
1747,31167,0,0,0
1748,31169,0,0,0
1749,31171,0,0,0
1750,31173,0,0,0
1751,31175,0,0,0
1752,31177,0,0,0
1753,31179,0,0,0
1754,31181,0,0,0
1755,31183,0,0,0
1756,31185,0,0,0
1757,32001,0,0,0
1758,32003,1,1,1
1759,32005,0,0,0
1760,32007,0,0,0
1761,32009,0,0,0
1762,32011,0,0,0
1763,32013,0,0,0
1764,32015,0,0,0
1765,32017,0,0,0
1766,32019,0,0,0
1767,32021,0,0,0
1768,32023,0,0,0
1769,32027,0,0,0
1770,32029,0,0,0
1771,32031,1,1,1
1772,32033,0,0,0
1773,32510,0,1,0
1774,33001,0,0,0
1775,33003,0,0,0
1776,33005,0,0,0
1777,33007,0,0,0
1778,33009,0,0,0
1779,33011,1,1,0
1780,33013,0,0,1
1781,33015,0,0,0
1782,33017,0,0,0
1783,33019,0,0,0
1784,34001,0,0,1
1785,34003,1,1,0
1786,34005,1,1,0
1787,34007,1,1,0
1788,34009,0,0,0
1789,34011,0,0,0
1790,34013,1,0,0
1791,34015,0,0,0
1792,34017,0,1,0
1793,34019,0,1,0
1794,34021,0,1,0
1795,34023,0,1,0
1796,34025,1,1,0
1797,34027,1,1,0
1798,34029,0,1,0
1799,34031,0,1,0
1800,34033,0,0,0
1801,34035,1,1,0
1802,34037,0,0,0
1803,34039,1,1,0
1804,34041,0,0,0
1805,35001,1,1,1
1806,35003,0,0,0
1807,35005,0,0,0
1808,35006,0,0,0
1809,35007,0,0,0
1810,35009,0,0,0
1811,35011,0,0,0
1812,35013,0,0,0
1813,35015,0,0,0
1814,35017,0,0,0
1815,35019,0,0,0
1816,35021,0,0,0
1817,35023,0,0,0
1818,35025,0,0,0
1819,35027,0,0,0
1820,35028,0,0,0
1821,35029,0,0,0
1822,35031,0,0,0
1823,35033,0,0,0
1824,35035,0,0,0
1825,35037,0,0,0
1826,35039,0,0,0
1827,35041,0,0,0
1828,35043,0,0,0
1829,35045,0,0,0
1830,35047,0,0,0
1831,35049,1,0,0
1832,35051,0,0,0
1833,35053,0,0,0
1834,35055,0,0,0
1835,35057,0,0,0
1836,35059,0,0,0
1837,35061,0,0,0
1838,36001,1,0,0
1839,36003,0,0,0
1840,36005,0,0,0
1841,36007,0,0,0
1842,36009,0,0,0
1843,36011,0,0,0
1844,36013,0,0,0
1845,36015,0,0,0
1846,36017,0,0,0
1847,36019,0,0,0
1848,36021,0,0,0
1849,36023,0,0,0
1850,36025,0,0,0
1851,36027,0,0,0
1852,36029,0,0,1
1853,36031,0,0,0
1854,36033,0,0,0
1855,36035,0,0,0
1856,36037,0,0,0
1857,36039,0,0,0
1858,36041,0,0,0
1859,36043,0,0,0
1860,36045,0,0,0
1861,36047,1,1,0
1862,36049,0,0,0
1863,36051,0,0,0
1864,36053,0,0,0
1865,36055,0,1,0
1866,36057,0,0,0
1867,36059,1,1,0
1868,36061,1,1,0
1869,36063,0,0,0
1870,36065,0,0,1
1871,36067,0,1,1
1872,36069,0,0,0
1873,36071,0,0,0
1874,36073,0,0,0
1875,36075,0,0,0
1876,36077,0,0,0
1877,36079,0,0,0
1878,36081,0,1,0
1879,36083,0,0,0
1880,36085,0,1,0
1881,36087,0,1,0
1882,36089,0,0,0
1883,36091,0,0,0
1884,36093,0,0,0
1885,36095,0,0,0
1886,36097,0,0,0
1887,36099,0,0,0
1888,36101,0,0,0
1889,36103,1,1,0
1890,36105,0,0,0
1891,36107,0,0,0
1892,36109,0,0,0
1893,36111,0,0,0
1894,36113,0,0,0
1895,36115,0,0,0
1896,36117,0,0,0
1897,36119,1,1,0
1898,36121,0,0,0
1899,36123,0,0,0
1900,37001,0,0,0
1901,37003,0,0,0
1902,37005,0,0,0
1903,37007,0,0,0
1904,37009,0,0,0
1905,37011,0,0,0
1906,37013,0,0,0
1907,37015,0,0,0
1908,37017,0,0,0
1909,37019,0,0,0
1910,37021,1,0,0
1911,37023,0,0,0
1912,37025,0,0,1
1913,37027,0,0,0
1914,37029,0,0,0
1915,37031,0,0,0
1916,37033,0,0,0
1917,37035,0,0,0
1918,37037,0,0,0
1919,37039,0,0,0
1920,37041,0,0,0
1921,37043,0,0,0
1922,37045,0,0,0
1923,37047,0,0,0
1924,37049,0,0,0
1925,37051,0,0,0
1926,37053,0,0,0
1927,37055,0,0,0
1928,37057,0,0,0
1929,37059,0,0,0
1930,37061,0,0,0
1931,37063,0,0,0
1932,37065,0,0,0
1933,37067,1,1,0
1934,37069,0,0,0
1935,37071,0,0,0
1936,37073,0,0,0
1937,37075,0,0,0
1938,37077,0,0,0
1939,37079,0,0,0
1940,37081,1,1,0
1941,37083,0,0,0
1942,37085,0,0,0
1943,37087,0,0,0
1944,37089,0,0,0
1945,37091,0,0,0
1946,37093,0,0,0
1947,37095,0,0,0
1948,37097,0,1,0
1949,37099,0,0,0
1950,37101,0,0,0
1951,37103,0,0,0
1952,37105,0,0,0
1953,37107,0,0,0
1954,37109,0,0,0
1955,37111,0,0,0
1956,37113,0,0,0
1957,37115,0,0,0
1958,37117,0,0,0
1959,37119,1,1,0
1960,37121,0,0,0
1961,37123,0,0,0
1962,37125,0,0,0
1963,37127,0,0,0
1964,37129,1,1,0
1965,37131,0,0,0
1966,37133,0,0,0
1967,37135,1,1,0
1968,37137,0,0,0
1969,37139,0,0,0
1970,37141,0,0,0
1971,37143,0,0,0
1972,37145,0,0,0
1973,37147,0,0,0
1974,37149,0,0,0
1975,37151,0,0,0
1976,37153,0,0,0
1977,37155,0,0,0
1978,37157,0,0,0
1979,37159,0,0,0
1980,37161,0,0,0
1981,37163,0,0,0
1982,37165,0,0,0
1983,37167,0,0,0
1984,37169,0,0,0
1985,37171,0,0,0
1986,37173,0,0,0
1987,37175,0,0,0
1988,37177,0,0,0
1989,37179,0,1,0
1990,37181,0,0,0
1991,37183,1,1,1
1992,37185,0,0,0
1993,37187,0,0,0
1994,37189,0,0,0
1995,37191,0,0,0
1996,37193,0,0,0
1997,37195,0,0,0
1998,37197,0,0,0
1999,37199,0,0,0
2000,38001,0,0,0
2001,38003,0,0,0
2002,38005,0,0,0
2003,38007,0,0,0
2004,38009,0,0,0
2005,38011,0,0,0
2006,38013,0,0,0
2007,38015,0,1,0
2008,38017,0,1,0
2009,38019,0,0,0
2010,38021,0,0,0
2011,38023,0,0,0
2012,38025,0,0,0
2013,38027,0,0,0
2014,38029,0,0,0
2015,38031,0,0,0
2016,38033,0,0,0
2017,38035,0,0,0
2018,38037,0,0,0
2019,38039,0,0,0
2020,38041,0,0,0
2021,38043,0,0,0
2022,38045,0,0,0
2023,38047,0,0,0
2024,38049,0,0,0
2025,38051,0,0,0
2026,38053,0,0,0
2027,38055,0,0,0
2028,38057,0,0,0
2029,38059,0,0,0
2030,38061,0,0,0
2031,38063,0,0,0
2032,38065,0,0,0
2033,38067,0,0,0
2034,38069,0,0,0
2035,38071,0,0,0
2036,38073,0,0,0
2037,38075,0,0,0
2038,38077,0,0,0
2039,38079,0,0,0
2040,38081,0,0,0
2041,38083,0,0,0
2042,38085,0,0,0
2043,38087,0,0,0
2044,38089,0,0,0
2045,38091,0,0,0
2046,38093,0,0,0
2047,38095,0,0,0
2048,38097,0,0,0
2049,38099,0,0,0
2050,38101,0,0,0
2051,38103,0,0,0
2052,38105,0,0,0
2053,39001,0,0,0
2054,39003,0,0,0
2055,39005,0,0,0
2056,39007,0,0,0
2057,39009,0,0,0
2058,39011,0,0,0
2059,39013,0,0,0
2060,39015,0,0,0
2061,39017,0,0,0
2062,39019,0,0,0
2063,39021,0,0,0
2064,39023,0,0,0
2065,39025,0,0,0
2066,39027,0,0,0
2067,39029,0,0,0
2068,39031,0,0,0
2069,39033,0,0,0
2070,39035,1,1,0
2071,39037,0,0,0
2072,39039,0,0,0
2073,39041,0,1,1
2074,39043,0,0,0
2075,39045,0,0,0
2076,39047,0,0,0
2077,39049,1,1,0
2078,39051,0,0,0
2079,39053,0,0,0
2080,39055,0,0,0
2081,39057,0,0,0
2082,39059,0,0,0
2083,39061,1,1,1
2084,39063,0,0,0
2085,39065,0,0,0
2086,39067,0,0,0
2087,39069,0,0,0
2088,39071,0,0,0
2089,39073,0,0,0
2090,39075,0,0,0
2091,39077,0,0,0
2092,39079,0,0,0
2093,39081,0,0,0
2094,39083,0,0,0
2095,39085,0,0,0
2096,39087,0,0,0
2097,39089,0,0,0
2098,39091,0,0,0
2099,39093,0,1,1
2100,39095,0,1,0
2101,39097,0,0,0
2102,39099,0,0,0
2103,39101,0,0,0
2104,39103,0,0,0
2105,39105,0,0,0
2106,39107,0,0,0
2107,39109,0,0,0
2108,39111,0,0,0
2109,39113,0,1,1
2110,39115,0,0,0
2111,39117,0,0,0
2112,39119,0,0,0
2113,39121,0,0,0
2114,39123,0,0,0
2115,39125,0,0,0
2116,39127,0,0,0
2117,39129,0,0,0
2118,39131,0,0,0
2119,39133,0,0,0
2120,39135,0,0,0
2121,39137,0,0,0
2122,39139,0,0,0
2123,39141,0,0,0
2124,39143,0,0,0
2125,39145,0,0,0
2126,39147,0,0,0
2127,39149,0,0,0
2128,39151,0,0,0
2129,39153,0,1,0
2130,39155,0,0,0
2131,39157,0,0,0
2132,39159,0,1,0
2133,39161,0,0,0
2134,39163,0,0,0
2135,39165,1,1,0
2136,39167,0,0,0
2137,39169,0,0,0
2138,39171,0,0,0
2139,39173,0,1,1
2140,39175,0,0,0
2141,40001,0,0,0
2142,40003,0,0,0
2143,40005,0,0,0
2144,40007,0,0,0
2145,40009,0,0,0
2146,40011,0,0,0
2147,40013,0,0,0
2148,40015,0,0,0
2149,40017,0,0,0
2150,40019,0,0,0
2151,40021,0,0,0
2152,40023,0,0,0
2153,40025,0,0,0
2154,40027,0,0,0
2155,40029,0,0,0
2156,40031,0,0,0
2157,40033,0,0,0
2158,40035,0,0,0
2159,40037,0,0,0
2160,40039,0,0,0
2161,40041,0,0,0
2162,40043,0,0,0
2163,40045,0,0,0
2164,40047,0,0,0
2165,40049,0,0,0
2166,40051,0,0,0
2167,40053,0,0,0
2168,40055,0,0,0
2169,40057,0,0,0
2170,40059,0,0,0
2171,40061,0,0,0
2172,40063,0,0,0
2173,40065,0,0,0
2174,40067,0,0,0
2175,40069,0,0,0
2176,40071,0,0,0
2177,40073,0,0,0
2178,40075,0,0,0
2179,40077,0,0,0
2180,40079,0,0,0
2181,40081,0,0,0
2182,40083,0,0,0
2183,40085,0,0,0
2184,40087,0,0,0
2185,40089,0,0,0
2186,40091,0,0,0
2187,40093,0,0,0
2188,40095,0,0,0
2189,40097,0,0,0
2190,40099,0,0,0
2191,40101,0,0,0
2192,40103,0,0,0
2193,40105,0,0,0
2194,40107,0,0,0
2195,40109,1,1,1
2196,40111,0,0,0
2197,40113,0,0,0
2198,40115,0,0,0
2199,40117,0,0,0
2200,40119,0,0,0
2201,40121,0,0,0
2202,40123,0,0,0
2203,40125,0,0,0
2204,40127,0,0,0
2205,40129,0,0,0
2206,40131,0,0,0
2207,40133,0,0,0
2208,40135,0,0,0
2209,40137,0,0,0
2210,40139,0,0,0
2211,40141,0,0,0
2212,40143,1,1,1
2213,40145,0,0,0
2214,40147,0,0,0
2215,40149,0,0,0
2216,40151,0,0,0
2217,40153,0,0,0
2218,41001,0,0,0
2219,41003,0,0,0
2220,41005,0,1,0
2221,41007,0,1,0
2222,41009,0,0,0
2223,41011,0,0,0
2224,41013,0,0,0
2225,41015,0,0,0
2226,41017,1,1,0
2227,41019,0,1,0
2228,41021,0,0,0
2229,41023,0,0,0
2230,41025,0,0,0
2231,41027,0,0,0
2232,41029,0,1,0
2233,41031,0,0,0
2234,41033,0,0,0
2235,41035,0,0,0
2236,41037,0,0,0
2237,41039,1,1,1
2238,41041,0,0,0
2239,41043,0,1,0
2240,41045,0,0,0
2241,41047,0,1,0
2242,41049,0,0,0
2243,41051,1,1,0
2244,41053,0,0,0
2245,41055,0,0,0
2246,41057,0,0,0
2247,41059,0,0,0
2248,41061,0,0,0
2249,41063,0,0,0
2250,41065,0,0,0
2251,41067,1,1,1
2252,41069,0,0,0
2253,41071,0,0,0
2254,42001,0,0,0
2255,42003,1,1,0
2256,42005,0,0,0
2257,42007,0,0,0
2258,42009,0,0,0
2259,42011,0,0,1
2260,42013,0,0,0
2261,42015,0,0,0
2262,42017,0,1,0
2263,42019,0,1,0
2264,42021,0,0,0
2265,42023,0,0,0
2266,42025,0,0,0
2267,42027,0,0,0
2268,42029,0,0,0
2269,42031,0,0,0
2270,42033,0,0,0
2271,42035,0,0,0
2272,42037,0,0,0
2273,42039,0,0,0
2274,42041,0,0,0
2275,42043,0,1,1
2276,42045,1,1,0
2277,42047,0,0,0
2278,42049,0,0,0
2279,42051,0,0,0
2280,42053,0,0,0
2281,42055,0,0,0
2282,42057,0,0,0
2283,42059,0,0,0
2284,42061,0,0,0
2285,42063,0,0,0
2286,42065,0,0,0
2287,42067,0,0,0
2288,42069,0,0,0
2289,42071,0,1,0
2290,42073,0,0,0
2291,42075,0,0,0
2292,42077,1,1,0
2293,42079,0,0,0
2294,42081,0,0,0
2295,42083,0,0,0
2296,42085,0,0,0
2297,42087,0,0,0
2298,42089,0,0,0
2299,42091,1,1,0
2300,42093,0,0,0
2301,42095,0,0,0
2302,42097,0,0,0
2303,42099,0,0,0
2304,42101,1,0,0
2305,42103,0,0,0
2306,42105,0,0,0
2307,42107,0,0,0
2308,42109,0,0,0
2309,42111,0,0,0
2310,42113,0,0,0
2311,42115,0,0,0
2312,42117,0,0,0
2313,42119,0,0,0
2314,42121,0,0,0
2315,42123,0,0,0
2316,42125,1,0,0
2317,42127,0,0,0
2318,42129,0,0,0
2319,42131,0,0,0
2320,42133,0,0,0
2321,44001,0,0,0
2322,44003,0,0,0
2323,44005,0,0,0
2324,44007,1,0,0
2325,44009,0,0,0
2326,45001,0,0,0
2327,45003,0,0,0
2328,45005,0,0,0
2329,45007,0,0,0
2330,45009,0,0,0
2331,45011,0,0,0
2332,45013,1,0,0
2333,45015,0,0,0
2334,45017,0,0,0
2335,45019,1,1,0
2336,45021,0,0,0
2337,45023,0,0,0
2338,45025,0,0,0
2339,45027,0,0,0
2340,45029,0,0,0
2341,45031,0,0,0
2342,45033,0,0,0
2343,45035,0,1,0
2344,45037,0,0,0
2345,45039,0,0,0
2346,45041,0,0,0
2347,45043,0,0,0
2348,45045,1,1,1
2349,45047,0,0,0
2350,45049,0,0,0
2351,45051,0,1,1
2352,45053,0,0,0
2353,45055,0,0,0
2354,45057,0,0,0
2355,45059,0,0,0
2356,45061,0,0,0
2357,45063,0,0,0
2358,45065,0,0,0
2359,45067,0,0,0
2360,45069,0,0,0
2361,45071,0,0,0
2362,45073,0,0,0
2363,45075,0,0,0
2364,45077,0,0,0
2365,45079,1,1,0
2366,45081,0,0,0
2367,45083,0,1,0
2368,45085,0,0,0
2369,45087,0,0,0
2370,45089,0,0,0
2371,45091,0,0,1
2372,46003,0,0,0
2373,46005,0,0,0
2374,46007,0,0,0
2375,46009,0,0,0
2376,46011,0,0,0
2377,46013,0,0,0
2378,46015,0,0,0
2379,46017,0,0,0
2380,46019,0,0,0
2381,46021,0,0,0
2382,46023,0,0,0
2383,46025,0,0,0
2384,46027,0,0,0
2385,46029,0,0,0
2386,46031,0,0,0
2387,46033,0,0,0
2388,46035,0,0,0
2389,46037,0,0,0
2390,46039,0,0,0
2391,46041,0,0,0
2392,46043,0,0,0
2393,46045,0,0,0
2394,46047,0,0,0
2395,46049,0,0,0
2396,46051,0,0,0
2397,46053,0,0,0
2398,46055,0,0,0
2399,46057,0,0,0
2400,46059,0,0,0
2401,46061,0,0,1
2402,46063,0,0,0
2403,46065,0,0,0
2404,46067,0,0,0
2405,46069,0,0,0
2406,46071,0,0,0
2407,46073,0,0,0
2408,46075,0,0,0
2409,46077,0,0,0
2410,46079,0,0,0
2411,46081,0,0,0
2412,46083,0,0,0
2413,46085,0,0,0
2414,46087,0,0,0
2415,46089,0,0,0
2416,46091,0,0,0
2417,46093,0,0,0
2418,46095,0,0,0
2419,46097,0,0,0
2420,46099,0,1,0
2421,46101,0,0,0
2422,46103,0,0,1
2423,46105,0,0,0
2424,46107,0,0,0
2425,46109,0,0,0
2426,46111,0,0,0
2427,46115,0,0,0
2428,46117,0,0,0
2429,46119,0,0,0
2430,46121,0,0,0
2431,46123,0,0,0
2432,46125,0,0,0
2433,46127,0,0,0
2434,46129,0,0,0
2435,46135,0,0,0
2436,46137,0,0,0
2437,47001,0,0,0
2438,47003,0,0,0
2439,47005,0,0,0
2440,47007,0,0,0
2441,47009,0,0,0
2442,47011,0,0,0
2443,47013,0,0,0
2444,47015,0,0,0
2445,47017,0,0,0
2446,47019,0,0,0
2447,47021,0,0,0
2448,47023,0,0,0
2449,47025,0,0,0
2450,47027,0,0,0
2451,47029,0,0,0
2452,47031,0,0,0
2453,47033,0,0,0
2454,47035,0,0,0
2455,47037,0,1,1
2456,47039,0,0,0
2457,47041,0,0,0
2458,47043,0,0,0
2459,47045,0,0,0
2460,47047,0,0,0
2461,47049,0,0,0
2462,47051,0,0,0
2463,47053,0,0,0
2464,47055,0,0,0
2465,47057,0,0,0
2466,47059,0,0,0
2467,47061,0,0,0
2468,47063,0,0,0
2469,47065,0,0,1
2470,47067,0,0,0
2471,47069,0,0,0
2472,47071,0,0,0
2473,47073,0,0,0
2474,47075,0,0,0
2475,47077,0,0,0
2476,47079,0,0,0
2477,47081,0,0,0
2478,47083,0,0,0
2479,47085,0,0,0
2480,47087,0,0,0
2481,47089,0,0,0
2482,47091,0,0,0
2483,47093,1,0,0
2484,47095,0,0,0
2485,47097,0,0,0
2486,47099,0,0,0
2487,47101,0,0,0
2488,47103,0,0,0
2489,47105,0,1,0
2490,47107,0,0,0
2491,47109,0,0,0
2492,47111,0,0,0
2493,47113,0,0,0
2494,47115,1,0,0
2495,47117,0,0,0
2496,47119,0,0,0
2497,47121,0,0,0
2498,47123,0,0,0
2499,47125,0,0,0
2500,47127,0,0,0
2501,47129,0,0,0
2502,47131,0,0,0
2503,47133,0,0,0
2504,47135,0,0,0
2505,47137,0,0,0
2506,47139,0,0,0
2507,47141,0,0,0
2508,47143,0,0,0
2509,47145,0,0,0
2510,47147,0,0,0
2511,47149,0,0,0
2512,47151,0,0,0
2513,47153,0,0,0
2514,47155,0,0,1
2515,47157,1,1,1
2516,47159,0,0,0
2517,47161,0,0,0
2518,47163,0,0,1
2519,47165,0,0,0
2520,47167,0,0,0
2521,47169,0,0,0
2522,47171,0,0,0
2523,47173,0,0,0
2524,47175,0,0,0
2525,47177,0,0,0
2526,47179,0,0,0
2527,47181,0,0,0
2528,47183,0,0,0
2529,47185,0,0,0
2530,47187,1,1,0
2531,47189,0,0,0
2532,48001,0,0,0
2533,48003,0,0,0
2534,48005,0,0,0
2535,48007,0,0,0
2536,48009,0,0,0
2537,48011,0,0,0
2538,48013,0,0,0
2539,48015,0,0,0
2540,48017,0,0,0
2541,48019,0,0,0
2542,48021,0,0,0
2543,48023,0,0,0
2544,48025,0,0,0
2545,48027,0,0,0
2546,48029,1,1,1
2547,48031,0,0,0
2548,48033,0,0,0
2549,48035,0,0,0
2550,48037,0,0,0
2551,48039,0,0,0
2552,48041,0,0,0
2553,48043,0,0,0
2554,48045,0,0,0
2555,48047,0,0,0
2556,48049,0,0,0
2557,48051,0,0,0
2558,48053,0,0,0
2559,48055,0,0,0
2560,48057,0,0,0
2561,48059,0,0,0
2562,48061,0,0,1
2563,48063,0,0,0
2564,48065,0,0,0
2565,48067,0,0,0
2566,48069,0,0,0
2567,48071,0,0,0
2568,48073,0,0,0
2569,48075,0,0,0
2570,48077,0,0,0
2571,48079,0,0,0
2572,48081,0,0,0
2573,48083,0,0,0
2574,48085,1,1,1
2575,48087,0,0,0
2576,48089,0,0,0
2577,48091,0,0,0
2578,48093,0,0,0
2579,48095,0,0,0
2580,48097,0,0,0
2581,48099,0,0,0
2582,48101,0,0,0
2583,48103,0,0,0
2584,48105,0,0,0
2585,48107,0,0,0
2586,48109,0,0,0
2587,48111,0,0,0
2588,48113,1,1,1
2589,48115,0,0,0
2590,48117,0,0,0
2591,48119,0,0,0
2592,48121,1,1,0
2593,48123,0,0,0
2594,48125,0,0,0
2595,48127,0,0,0
2596,48129,0,0,0
2597,48131,0,0,0
2598,48133,0,0,0
2599,48135,0,0,0
2600,48137,0,0,0
2601,48139,0,0,0
2602,48141,1,1,1
2603,48143,0,0,0
2604,48145,0,0,0
2605,48147,0,0,0
2606,48149,0,0,0
2607,48151,0,0,0
2608,48153,0,0,0
2609,48155,0,0,0
2610,48157,1,1,0
2611,48159,0,0,0
2612,48161,0,0,0
2613,48163,0,0,0
2614,48165,0,0,0
2615,48167,0,0,1
2616,48169,0,0,0
2617,48171,0,0,0
2618,48173,0,0,0
2619,48175,0,0,0
2620,48177,0,0,0
2621,48179,0,0,0
2622,48181,0,0,0
2623,48183,0,0,0
2624,48185,0,0,0
2625,48187,0,1,0
2626,48189,0,0,0
2627,48191,0,0,0
2628,48193,0,0,0
2629,48195,0,0,0
2630,48197,0,0,0
2631,48199,0,0,0
2632,48201,1,1,1
2633,48203,0,0,0
2634,48205,0,0,0
2635,48207,0,0,0
2636,48209,0,0,0
2637,48211,0,0,0
2638,48213,0,0,0
2639,48215,0,1,0
2640,48217,0,0,0
2641,48219,0,0,0
2642,48221,0,0,0
2643,48223,0,0,0
2644,48225,0,0,0
2645,48227,0,0,0
2646,48229,0,0,0
2647,48231,0,0,0
2648,48233,0,0,0
2649,48235,0,0,0
2650,48237,0,0,0
2651,48239,0,0,0
2652,48241,0,0,0
2653,48243,0,0,0
2654,48245,0,0,0
2655,48247,0,0,0
2656,48249,0,0,0
2657,48251,0,0,0
2658,48253,0,0,0
2659,48255,0,0,0
2660,48257,0,0,0
2661,48259,0,0,0
2662,48261,0,0,0
2663,48263,0,0,0
2664,48265,0,0,0
2665,48267,0,0,0
2666,48269,0,0,0
2667,48271,0,0,0
2668,48273,0,0,0
2669,48275,0,0,0
2670,48277,0,0,0
2671,48279,0,0,0
2672,48281,0,0,0
2673,48283,0,0,0
2674,48285,0,0,0
2675,48287,0,0,0
2676,48289,0,0,0
2677,48291,0,0,0
2678,48293,0,0,0
2679,48295,0,0,0
2680,48297,0,0,0
2681,48299,0,0,0
2682,48301,0,0,0
2683,48303,0,1,1
2684,48305,0,0,0
2685,48307,0,0,0
2686,48309,0,0,1
2687,48311,0,0,0
2688,48313,0,0,0
2689,48315,0,0,0
2690,48317,0,0,0
2691,48319,0,0,0
2692,48321,0,0,0
2693,48323,0,0,0
2694,48325,0,0,0
2695,48327,0,0,0
2696,48329,0,0,0
2697,48331,0,0,0
2698,48333,0,0,0
2699,48335,0,0,0
2700,48337,0,0,0
2701,48339,1,1,0
2702,48341,0,0,0
2703,48343,0,0,0
2704,48345,0,0,0
2705,48347,0,0,0
2706,48349,0,0,0
2707,48351,0,0,0
2708,48353,0,0,0
2709,48355,0,0,0
2710,48357,0,0,0
2711,48359,0,0,0
2712,48361,0,0,0
2713,48363,0,0,0
2714,48365,0,0,0
2715,48367,0,0,0
2716,48369,0,0,0
2717,48371,0,0,0
2718,48373,0,0,0
2719,48375,0,0,0
2720,48377,0,0,0
2721,48379,0,0,0
2722,48381,0,0,0
2723,48383,0,0,0
2724,48385,0,0,0
2725,48387,0,0,0
2726,48389,0,0,0
2727,48391,0,0,0
2728,48393,0,0,0
2729,48395,0,0,0
2730,48397,0,1,0
2731,48399,0,0,0
2732,48401,0,0,0
2733,48403,0,0,0
2734,48405,0,0,0
2735,48407,0,0,0
2736,48409,0,0,0
2737,48411,0,0,0
2738,48413,0,0,0
2739,48415,0,0,0
2740,48417,0,0,0
2741,48419,0,0,0
2742,48421,0,0,0
2743,48423,0,0,0
2744,48425,0,0,0
2745,48427,0,0,0
2746,48429,0,0,0
2747,48431,0,0,0
2748,48433,0,0,0
2749,48435,0,0,0
2750,48437,0,0,0
2751,48439,1,1,1
2752,48441,0,0,0
2753,48443,0,0,0
2754,48445,0,0,0
2755,48447,0,0,0
2756,48449,0,0,0
2757,48451,0,0,0
2758,48453,1,1,1
2759,48455,0,0,0
2760,48457,0,0,0
2761,48459,0,0,0
2762,48461,0,0,0
2763,48463,0,0,0
2764,48465,0,0,0
2765,48467,0,0,0
2766,48469,0,0,0
2767,48471,0,0,0
2768,48473,1,1,1
2769,48475,0,0,0
2770,48477,0,0,0
2771,48479,0,0,0
2772,48481,0,0,0
2773,48483,0,0,0
2774,48485,0,0,0
2775,48487,0,0,0
2776,48489,0,0,0
2777,48491,1,1,1
2778,48493,0,0,0
2779,48495,0,0,0
2780,48497,0,0,0
2781,48499,0,0,0
2782,48501,0,0,0
2783,48503,0,0,0
2784,48505,0,0,0
2785,48507,0,0,0
2786,49001,0,0,0
2787,49003,0,0,0
2788,49005,0,0,0
2789,49007,0,0,0
2790,49009,0,0,0
2791,49011,0,1,1
2792,49013,0,0,0
2793,49015,0,0,0
2794,49017,0,0,0
2795,49019,0,0,0
2796,49021,0,0,0
2797,49023,0,0,0
2798,49025,0,0,0
2799,49027,0,0,0
2800,49029,0,0,0
2801,49031,0,0,0
2802,49033,0,0,0
2803,49035,1,1,0
2804,49037,0,0,0
2805,49039,0,0,0
2806,49041,0,0,0
2807,49043,1,0,0
2808,49045,0,0,0
2809,49047,0,0,0
2810,49049,1,1,1
2811,49051,0,0,0
2812,49053,0,1,0
2813,49055,0,0,0
2814,49057,0,1,0
2815,50001,0,0,0
2816,50003,0,0,0
2817,50005,0,0,0
2818,50007,0,1,0
2819,50009,0,0,0
2820,50011,0,0,0
2821,50013,0,0,0
2822,50015,0,0,0
2823,50017,0,0,0
2824,50019,0,0,0
2825,50021,0,0,0
2826,50023,0,0,0
2827,50025,0,0,0
2828,50027,0,0,0
2829,51001,0,0,0
2830,51003,0,0,0
2831,51005,0,0,0
2832,51007,0,0,0
2833,51009,0,0,0
2834,51011,0,0,0
2835,51013,1,1,0
2836,51015,0,0,0
2837,51017,0,0,0
2838,51019,0,0,0
2839,51021,0,0,0
2840,51023,0,0,0
2841,51025,0,0,0
2842,51027,0,0,0
2843,51029,0,0,0
2844,51031,0,0,0
2845,51033,0,0,0
2846,51035,0,0,0
2847,51036,0,0,0
2848,51037,0,0,0
2849,51041,0,0,0
2850,51043,0,0,0
2851,51045,0,0,0
2852,51047,0,0,0
2853,51049,0,0,0
2854,51051,0,0,0
2855,51053,0,0,0
2856,51057,0,0,0
2857,51059,1,1,0
2858,51061,0,0,0
2859,51063,0,0,0
2860,51065,0,0,0
2861,51067,0,0,0
2862,51069,0,0,0
2863,51071,0,0,0
2864,51073,0,0,0
2865,51075,0,0,0
2866,51077,0,0,0
2867,51079,0,0,0
2868,51081,0,0,0
2869,51083,0,0,0
2870,51085,0,0,1
2871,51087,1,1,1
2872,51089,0,0,0
2873,51091,0,0,0
2874,51093,0,0,0
2875,51095,0,0,0
2876,51097,0,0,0
2877,51099,0,0,0
2878,51101,0,0,0
2879,51103,0,0,0
2880,51105,0,0,0
2881,51107,1,1,0
2882,51109,0,0,0
2883,51111,0,0,0
2884,51113,0,0,0
2885,51115,0,0,0
2886,51117,0,0,0
2887,51119,0,0,0
2888,51121,0,0,0
2889,51125,0,0,0
2890,51127,0,0,0
2891,51131,0,0,0
2892,51133,0,0,0
2893,51135,0,0,0
2894,51137,0,0,0
2895,51139,0,0,0
2896,51141,0,0,0
2897,51143,0,0,0
2898,51145,0,0,0
2899,51147,0,0,0
2900,51149,0,0,0
2901,51153,0,1,1
2902,51155,0,0,0
2903,51157,0,0,0
2904,51159,0,0,0
2905,51161,0,0,0
2906,51163,0,0,0
2907,51165,0,0,0
2908,51167,0,0,0
2909,51169,0,0,0
2910,51171,0,0,0
2911,51173,0,0,0
2912,51175,0,0,0
2913,51177,0,0,0
2914,51179,0,0,0
2915,51181,0,0,0
2916,51183,0,0,0
2917,51185,0,0,0
2918,51187,0,0,0
2919,51191,0,0,0
2920,51193,0,0,0
2921,51195,0,0,0
2922,51197,0,0,0
2923,51199,0,0,0
2924,51510,1,0,0
2925,51520,0,0,0
2926,51530,0,0,0
2927,51540,1,1,0
2928,51550,0,0,0
2929,51570,0,0,0
2930,51580,0,0,0
2931,51590,0,0,0
2932,51595,0,0,0
2933,51600,0,1,0
2934,51610,0,0,0
2935,51620,0,0,0
2936,51630,0,1,0
2937,51640,0,0,0
2938,51650,0,0,0
2939,51660,0,1,0
2940,51670,0,0,0
2941,51678,0,0,0
2942,51680,0,0,0
2943,51683,0,0,0
2944,51685,0,0,0
2945,51690,0,0,0
2946,51700,1,1,1
2947,51710,0,1,0
2948,51720,0,0,0
2949,51730,0,0,0
2950,51735,0,0,0
2951,51740,0,0,0
2952,51750,0,0,0
2953,51760,0,1,0
2954,51770,0,0,0
2955,51775,0,0,0
2956,51790,0,0,0
2957,51800,0,0,0
2958,51810,1,0,0
2959,51820,0,0,0
2960,51830,0,0,0
2961,51840,0,1,0
2962,53001,0,0,0
2963,53003,0,0,0
2964,53005,0,1,0
2965,53007,0,0,0
2966,53009,0,0,0
2967,53011,1,1,0
2968,53013,0,0,0
2969,53015,0,0,0
2970,53017,0,1,0
2971,53019,0,0,0
2972,53021,0,0,0
2973,53023,0,0,0
2974,53025,0,0,0
2975,53027,0,0,0
2976,53029,0,0,0
2977,53031,0,1,0
2978,53033,1,1,0
2979,53035,0,1,0
2980,53037,0,0,0
2981,53039,0,0,0
2982,53041,0,0,0
2983,53043,0,0,0
2984,53045,0,0,0
2985,53047,0,0,0
2986,53049,0,0,0
2987,53051,0,0,0
2988,53053,1,1,1
2989,53055,0,0,0
2990,53057,0,1,0
2991,53059,0,0,0
2992,53061,1,1,1
2993,53063,0,1,0
2994,53065,0,0,0
2995,53067,0,1,1
2996,53069,0,0,0
2997,53071,0,0,0
2998,53073,1,1,0
2999,53075,0,1,0
3000,53077,0,1,1
3001,54001,0,0,0
3002,54003,0,0,0
3003,54005,0,0,0
3004,54007,0,0,0
3005,54009,0,0,0
3006,54011,0,0,0
3007,54013,0,0,0
3008,54015,0,0,0
3009,54017,0,0,0
3010,54019,0,0,0
3011,54021,0,0,0
3012,54023,0,0,0
3013,54025,0,0,0
3014,54027,0,0,0
3015,54029,0,0,0
3016,54031,0,0,0
3017,54033,0,0,0
3018,54035,0,0,0
3019,54037,0,0,0
3020,54039,0,0,1
3021,54041,0,0,0
3022,54043,0,0,0
3023,54045,0,0,0
3024,54047,0,0,0
3025,54049,0,0,0
3026,54051,0,0,0
3027,54053,0,0,0
3028,54055,0,0,0
3029,54057,0,0,0
3030,54059,0,0,0
3031,54061,0,0,0
3032,54063,0,0,0
3033,54065,0,0,0
3034,54067,0,0,0
3035,54069,0,0,1
3036,54071,0,0,0
3037,54073,0,0,0
3038,54075,0,0,0
3039,54077,0,0,0
3040,54079,0,0,0
3041,54081,0,0,0
3042,54083,0,0,0
3043,54085,0,0,0
3044,54087,0,0,0
3045,54089,0,0,0
3046,54091,0,0,0
3047,54093,0,0,0
3048,54095,0,0,0
3049,54097,0,0,0
3050,54099,0,0,0
3051,54101,0,0,0
3052,54103,0,0,0
3053,54105,0,0,0
3054,54107,0,0,0
3055,54109,0,0,0
3056,55001,0,0,0
3057,55003,0,0,0
3058,55005,0,0,0
3059,55007,0,0,0
3060,55009,0,1,1
3061,55011,0,0,0
3062,55013,0,0,0
3063,55015,0,0,0
3064,55017,0,0,0
3065,55019,0,0,0
3066,55021,0,0,0
3067,55023,0,0,0
3068,55025,1,1,1
3069,55027,0,0,0
3070,55029,0,0,0
3071,55031,0,0,0
3072,55033,0,0,0
3073,55035,0,0,0
3074,55037,0,0,0
3075,55039,0,0,0
3076,55041,0,0,0
3077,55043,0,0,1
3078,55045,0,0,0
3079,55047,0,0,0
3080,55049,0,0,0
3081,55051,0,0,0
3082,55053,0,0,0
3083,55055,0,0,0
3084,55057,0,0,0
3085,55059,0,1,0
3086,55061,0,0,0
3087,55063,0,0,0
3088,55065,0,0,0
3089,55067,0,0,0
3090,55069,0,0,0
3091,55071,0,0,0
3092,55073,0,0,0
3093,55075,0,0,0
3094,55077,0,0,0
3095,55078,0,0,0
3096,55079,1,0,0
3097,55081,0,0,0
3098,55083,0,0,0
3099,55085,0,0,0
3100,55087,0,1,0
3101,55089,0,1,0
3102,55091,0,0,0
3103,55093,0,0,0
3104,55095,0,0,0
3105,55097,0,0,0
3106,55099,0,0,0
3107,55101,0,0,0
3108,55103,0,0,0
3109,55105,0,0,0
3110,55107,0,0,0
3111,55109,0,0,0
3112,55111,0,0,0
3113,55113,0,0,0
3114,55115,0,0,0
3115,55117,0,0,0
3116,55119,0,0,0
3117,55121,0,0,0
3118,55123,0,0,0
3119,55125,0,0,0
3120,55127,0,0,0
3121,55129,0,0,0
3122,55131,0,0,1
3123,55133,0,1,0
3124,55135,0,0,0
3125,55137,0,0,0
3126,55139,0,0,0
3127,55141,0,0,0
3128,56001,0,0,0
3129,56003,0,0,0
3130,56005,0,0,0
3131,56007,0,0,0
3132,56009,0,0,0
3133,56011,0,0,0
3134,56013,0,0,0
3135,56015,0,0,0
3136,56017,0,0,0
3137,56019,0,0,0
3138,56021,0,0,0
3139,56023,0,0,0
3140,56025,0,0,0
3141,56027,0,0,0
3142,56029,0,0,0
3143,56031,0,0,0
3144,56033,0,0,0
3145,56035,0,0,0
3146,56037,0,0,0
3147,56039,0,0,0
3148,56041,0,0,0
3149,56043,0,0,0
3150,56045,0,0,0
3151,46113,0,0,0
